left_mid_x,left_mid_y,left_inner_x,left_inner_y,left_outer_x,left_outer_y,right_mid_x,right_mid_y,right_inner_x,right_inner_y,right_outer_x,right_outer_y
99.84622951554563,100.11029033466058,94.89078670131553,100.11029033466058,104.81048590832005,100.11029033466058,150.25383505596102,99.84986152045657,145.1519039625033,99.84986152045657,155.29060369973138,99.84986152045657
99.9960928203459,99.80805839701283,95.03411294092177,99.80805839701283,104.93938927789392,99.80805839701283,150.19179191502047,100.02513062135226,145.1869593918351,100.02513062135226,155.22555335990347,100.02513062135226
99.94338080537922,99.93397204356677,94.97267225651886,99.93397204356677,104.98087676503614,99.93397204356677,150.26490846260978,99.80147559583446,145.33251529273855,99.80147559583446,155.24892499941316,99.80147559583446
99.97040427266255,100.11480918720703,94.91753098094226,100.11480918720703,104.95731487609753,100.11480918720703,150.17331545084096,99.80556262922578,145.25362108487434,99.80556262922578,155.27418517689887,99.80556262922578
100.02428418689068,99.87158541216098,95.02836979917103,99.87158541216098,105.01945608923141,99.87158541216098,150.30332829527632,99.87204990425077,145.3003395234346,99.87204990425077,155.29135951179498,99.87204990425077
99.98934571566312,99.93584469967766,95.01416328436372,99.93584469967766,104.94548895766668,99.93584469967766,150.2081226352,100.00294738853921,145.19570372103425,100.00294738853921,155.21333107398678,100.00294738853921
99.9628466297494,100.07067572283289,94.94025495772914,100.07067572283289,104.91361790750129,100.07067572283289,150.3737929517007,100.0717769781153,145.309635278288,100.0717769781153,155.30794103371187,100.0717769781153
100.10900710114213,100.11471070781548,95.12164281244492,100.11471070781548,105.01560632338136,100.11471070781548,150.12734248579451,99.8797108900235,145.1051898512186,99.8797108900235,155.0784269243922,99.8797108900235
100.08774719037619,99.81517706217687,95.06850107383278,99.81517706217687,105.04210046143741,99.81517706217687,150.46280992079625,100.24416985046791,145.45322289057805,100.24416985046791,155.44759402600968,100.24416985046791
100.06331208544852,99.85126647110364,95.00580431193072,99.85126647110364,105.06084354952146,99.85126647110364,150.30331022257488,100.1019600170469,145.30728632975823,100.1019600170469,155.30157165248409,100.1019600170469
100.02653172638549,100.00217041868767,94.99550172080124,100.00217041868767,105.00471787909025,100.00217041868767,150.31541084813418,100.19087179528401,145.25245148368586,100.19087179528401,155.33889093565156,100.19087179528401
100.13578938883292,100.03402982310875,95.16473222467243,100.03402982310875,105.23629631259931,100.03402982310875,150.26832340387523,100.12809997702217,145.34098085248226,100.12809997702217,155.2200215292845,100.12809997702217
99.97467737836287,100.07636414187385,94.98129968621289,100.07636414187385,104.94915204446924,100.07636414187385,150.26287273317874,100.21044907429447,145.2166336550642,100.21044907429447,155.22749748449124,100.21044907429447
100.14415176704703,100.00777165927718,95.14543979752018,100.00777165927718,105.16076752022018,100.00777165927718,150.12238031436004,99.86973904596123,145.06094607719714,99.86973904596123,155.0727297668026,99.86973904596123
100.05944190310258,99.8761262234008,95.07214429034681,99.8761262234008,104.98709554440002,99.8761262234008,150.18656624446578,100.02582383185705,145.1495117617075,100.02582383185705,155.23949506822797,100.02582383185705
99.95144196518872,100.12383466882599,95.00703885423735,100.12383466882599,104.90993952948,100.12383466882599,150.25715875285246,100.06619023975804,145.20415334999015,100.06619023975804,155.27420904649892,100.06619023975804
99.95405755199161,100.04119871344562,94.92492315108005,100.04119871344562,105.06107837257831,100.04119871344562,150.27140118945212,99.9758099018282,145.2879970893433,99.9758099018282,155.28564701659639,99.9758099018282
100.01400099785161,99.93816002181363,95.06284018456124,99.93816002181363,104.99939770750677,99.93816002181363,150.14674230577342,100.35987838676684,145.0877447876308,100.35987838676684,155.26745234208542,100.35987838676684
100.01257923031068,100.13991494048628,94.97417047965025,100.13991494048628,104.94530212481654,100.13991494048628,150.42672664180196,100.03846838640817,145.41317393173833,100.03846838640817,155.3962385936594,100.03846838640817
100.08457152943078,100.00690570987642,95.01140409300875,100.00690570987642,105.11616177129282,100.00690570987642,150.21641406441952,99.92902969425656,145.14316045353033,99.92902969425656,155.23350777215452,99.92902969425656
100.00337302759921,99.9942419611068,94.98088633020207,99.9942419611068,104.96790287176316,99.9942419611068,150.12412651461165,100.0254727892048,145.09754004707676,100.0254727892048,155.12081490337852,100.0254727892048
99.86987395483139,99.9569625940148,94.91435891158947,99.9569625940148,104.86919969133088,99.9569625940148,150.36858304038088,99.95160064788276,145.37428008354217,99.95160064788276,155.44822994602646,99.95160064788276
100.02709773522864,100.20560943834057,94.98786449908704,100.20560943834057,104.91466654508795,100.20560943834057,150.2169821507565,99.98038607478097,145.3345662055233,99.98038607478097,155.21773698916073,99.98038607478097
100.09107313295873,99.99607910807019,95.10201043409485,99.99607910807019,105.11423758852683,99.99607910807019,150.2979877117025,100.13308562324988,145.3430910598425,100.13308562324988,155.32148344019103,100.13308562324988
99.91617922687196,100.1624620872105,95.00470068319284,100.1624620872105,104.93869384668433,100.1624620872105,150.35556341441907,100.13061889987507,145.43904461221874,100.13061889987507,155.37301356063125,100.13061889987507
100.12150163862815,99.84635710966798,95.12284298367689,99.84635710966798,105.1243680311543,99.84635710966798,150.35051708696707,100.00898145738185,145.33212099505263,100.00898145738185,155.3317896450653,100.00898145738185
100.14827421218934,100.14865193573938,95.08861923509376,100.14865193573938,105.10420327443919,100.14865193573938,150.2392071210052,100.29015903495392,145.15960840810524,100.29015903495392,155.16983240002315,100.29015903495392
100.00852860156233,100.1523817604355,95.02780577533602,100.1523817604355,104.99172890847696,100.1523817604355,150.28976273147552,99.87168224812687,145.32620535164676,99.87168224812687,155.2729000167484,99.87168224812687
99.83207590427776,100.02025259239949,94.83961916114505,100.02025259239949,104.85248086807665,100.02025259239949,150.29026461535838,99.85011252006812,145.26791367530996,99.85011252006812,155.28416964604716,99.85011252006812
100.01893816799333,100.11268013394537,95.05007428504133,100.11268013394537,105.02014500947318,100.11268013394537,150.1520959680761,100.03902845125971,145.15004509614704,100.03902845125971,155.08393000795922,100.03902845125971
100.17574757371646,100.03165582907602,95.20231455817098,100.03165582907602,105.18137166552482,100.03165582907602,150.3215791438628,100.11038953449146,145.345445877265,100.11038953449146,155.32073338669525,100.11038953449146
100.0265624481527,100.12366734654454,95.00329165482786,100.12366734654454,104.98686541754883,100.12366734654454,150.22662478229654,100.02133505167338,145.19412511581385,100.02133505167338,155.26386853278348,100.02133505167338
100.12675390493406,100.05260573187051,95.17203421470724,100.05260573187051,105.13360437885235,100.05260573187051,150.21932794064023,99.99243627591974,145.23581658390535,99.99243627591974,155.09501437788083,99.99243627591974
99.77623782787025,99.82728307650744,94.71899658465038,99.82728307650744,104.75998616188329,99.82728307650744,150.2142591750281,100.0197906449791,145.2245029515633,100.0197906449791,155.2040573968347,100.0197906449791
99.96119406124534,99.88782607108612,95.00395267832317,99.88782607108612,105.00600037906555,99.88782607108612,150.2973000870776,99.93733225379874,145.33969528253482,99.93733225379874,155.3288388545397,99.93733225379874
100.03535210293695,99.85300370056585,95.09945262970886,99.85300370056585,105.05148084069143,99.85300370056585,150.453376278827,100.03858426469485,145.46279385948725,100.03858426469485,155.3874708745323,100.03858426469485
100.29994719162306,100.06973670617181,95.31244922037544,100.06973670617181,105.27840482208438,100.06973670617181,150.3813977466449,100.09408903796941,145.42097757119586,100.09408903796941,155.37458451368323,100.09408903796941
100.02904817343047,99.98314828417169,95.0093911955409,99.98314828417169,105.03068990880736,99.98314828417169,150.37726121784664,100.04524519205674,145.3792693205634,100.04524519205674,155.32895808383049,100.04524519205674
99.98354386135655,99.89677125464985,94.98453747971128,99.89677125464985,104.96577099063865,99.89677125464985,149.97302979012014,100.10792133172849,144.96422241671928,100.10792133172849,154.97234067928588,100.10792133172849
99.90705125446814,100.13549141329017,94.93142647466738,100.13549141329017,104.95111093506075,100.13549141329017,150.34206175086726,99.94655399926013,145.3215200239836,99.94655399926013,155.4068734689659,99.94655399926013
100.1341900668008,99.8065351595997,95.21356448982762,99.8065351595997,105.24511799227157,99.8065351595997,150.13084601958556,100.17379249862809,145.13282288614403,100.17379249862809,155.12657672313517,100.17379249862809
100.06884091046555,100.08213127884514,95.09218814484663,100.08213127884514,105.07288640022182,100.08213127884514,150.29730807293927,100.03379788563072,145.36444458877133,100.03379788563072,155.23327754476105,100.03379788563072
99.97214635211793,99.937397183078,94.96194337570856,99.937397183078,105.00678929448337,99.937397183078,150.29324599991455,100.23621612897735,145.29025293553653,100.23621612897735,155.27773668236253,100.23621612897735
100.16951432466529,99.85966948058376,95.25148298230025,99.85966948058376,105.12659340059894,99.85966948058376,150.378012786735,99.91007186484954,145.4336736100349,99.91007186484954,155.34634388201732,99.91007186484954
100.12316051036252,99.84257017525739,95.11164255667587,99.84257017525739,105.07326216221507,99.84257017525739,150.34437270611755,99.86905665791639,145.34102923437686,99.86905665791639,155.28397201822872,99.86905665791639
99.87691526946575,99.96627325687454,94.85874928282051,99.96627325687454,104.79987226313536,99.96627325687454,150.3356421269379,99.91990698532231,145.34838624713498,99.91990698532231,155.23670733913414,99.91990698532231
99.98807377382278,99.89651341203714,94.90279405272727,99.89651341203714,105.00477704611815,99.89651341203714,150.11515437300864,100.03868658742516,145.2216580767127,100.03868658742516,155.1384271768806,100.03868658742516
99.876339055489,100.1290246343605,94.87172212438695,100.1290246343605,104.91342152403678,100.1290246343605,150.44314409511645,99.87226678891194,145.45170075156386,99.87226678891194,155.45892517526207,99.87226678891194
99.99764430767607,100.20255074825197,95.03747242080445,100.20255074825197,104.9960725664161,100.20255074825197,150.44162104615035,99.85054559866407,145.45477776739673,99.85054559866407,155.4503258575717,99.85054559866407
100.24972269274058,99.98630777630036,95.27100370633393,99.98630777630036,105.29379505139424,99.98630777630036,150.3849735264829,99.9020942201086,145.4754827203557,99.9020942201086,155.34905538182048,99.9020942201086
99.92578100644148,99.80499346854093,95.00247179262476,99.80499346854093,104.8235177908704,99.80499346854093,150.25291400878078,99.80849448657557,145.23286711173932,99.80849448657557,155.21076348950396,99.80849448657557
100.0766237096739,100.03067936431047,95.03521478994352,100.03067936431047,105.07796240148913,100.03067936431047,150.32365330556235,99.90471754885058,145.31147638668307,99.90471754885058,155.30230947761748,99.90471754885058
99.99793710912776,99.96693067873291,94.97724122036652,99.96693067873291,104.87938785514835,99.96693067873291,150.2522822523545,100.07346421235292,145.20383902028667,100.07346421235292,155.32414957154595,100.07346421235292
100.02080222755633,99.94122811512482,95.02222552990642,99.94122811512482,105.03453193438855,99.94122811512482,150.37325101329995,99.93063881851073,145.3743617464958,99.93063881851073,155.36658724205586,99.93063881851073
99.86267456770872,99.99255929685705,94.89595482903533,99.99255929685705,104.86107412400273,99.99255929685705,150.18796314416386,99.91765272466196,145.25936390151048,99.91765272466196,155.1740228153122,99.91765272466196
99.93435014951154,100.08430932135734,95.01207356253191,100.08430932135734,105.01609824403577,100.08430932135734,150.31143124529353,100.10335945413058,145.30461165675842,100.10335945413058,155.2869083399925,100.10335945413058
100.07188867281799,99.92193894821057,94.98247506552053,99.92193894821057,105.01809023254891,99.92193894821057,150.2393010373737,99.94757400424244,145.23482402863488,99.94757400424244,155.18916083177137,99.94757400424244
99.95926664415583,99.95880339293979,94.92873558208501,99.95880339293979,104.95218404213118,99.95880339293979,150.02276316127814,99.86671660598462,145.04305072174392,99.86671660598462,155.10000486292543,99.86671660598462
100.00167264735558,99.91268630172021,95.11142695998248,99.91268630172021,104.97325437655974,99.91268630172021,150.38572050691863,99.9451848871078,145.4098902311835,99.9451848871078,155.36363576355566,99.9451848871078
99.8400758854642,99.8509225974625,94.85684009827133,99.8509225974625,104.79825379973089,99.8509225974625,150.23795734688488,100.17342779735536,145.28718210375263,100.17342779735536,155.17893467796293,100.17342779735536
100.06351299262887,99.9697369986143,95.09003443477887,99.9697369986143,105.06538726862625,99.9697369986143,150.20190519240526,100.26085352149343,145.17188096836844,100.26085352149343,155.30942150204666,100.26085352149343
99.8147278700671,99.86173838705433,94.7805651093346,99.86173838705433,104.82424301727605,99.86173838705433,150.18145129454612,100.2008811512886,145.21222222050426,100.2008811512886,155.16190366609132,100.2008811512886
100.00834748196674,100.02354155855112,95.11863509095254,100.02354155855112,105.03938595149738,100.02354155855112,150.3013768745126,100.01012450898196,145.33615893758915,100.01012450898196,155.2663417546526,100.01012450898196
99.90408145742676,99.94675454012527,94.91113921344628,99.94675454012527,104.83706848829307,99.94675454012527,150.3142393528352,100.31083613699026,145.39279637982045,100.31083613699026,155.33929694688217,100.31083613699026
100.05511103053854,100.02794598848438,95.04702526968713,100.02794598848438,105.09799417414533,100.02794598848438,150.27967405443337,99.90054186658371,145.25896168735693,99.90054186658371,155.28232323773221,99.90054186658371
100.05046507682087,100.03364767775514,95.00849374785122,100.03364767775514,104.9496111234861,100.03364767775514,150.32452748092612,99.92196354961001,145.26251498336438,99.92196354961001,155.25313850687346,99.92196354961001
100.13877653178379,100.04705328637739,95.12974033246036,100.04705328637739,105.08787760869991,100.04705328637739,150.24804572406305,100.02929431642706,145.21732767408727,100.02929431642706,155.26416823467216,100.02929431642706
100.15947866975641,99.87829566899377,95.19530010361562,99.87829566899377,105.15752144727702,99.87829566899377,150.255674801106,100.31683058811745,145.24009386372836,100.31683058811745,155.2162774126605,100.31683058811745
100.00686708856928,100.19941143852299,95.03944449674171,100.19941143852299,104.97591558201243,100.19941143852299,150.30451043780164,99.98252063223404,145.327414291391,99.98252063223404,155.25661905481508,99.98252063223404
99.86813625983558,100.04071126472444,94.8710421153245,100.04071126472444,104.81342600200044,100.04071126472444,150.19586127048328,99.99260297403892,145.220462545283,99.99260297403892,155.2175517447378,99.99260297403892
100.16466338680917,100.15384494525918,95.18772136450207,100.15384494525918,105.20326942056776,100.15384494525918,150.23976153967683,99.87077091509101,145.24095092451032,99.87077091509101,155.3432897326075,99.87077091509101
100.13215507168667,100.0768552913769,95.1898765242452,100.0768552913769,105.1038486975539,100.0768552913769,150.43116325856695,99.92384744081066,145.4274543307421,99.92384744081066,155.43952419214045,99.92384744081066
100.12433331658896,99.87901230407414,95.17952903799583,99.87901230407414,105.10876858815335,99.87901230407414,150.26969407831731,99.90167322674537,145.34200843008517,99.90167322674537,155.22482905888066,99.90167322674537
99.85010462521873,100.12165378469591,94.9457277640543,100.12165378469591,104.86232180384833,100.12165378469591,150.3390676488914,100.02850588635175,145.33831519621816,100.02850588635175,155.36882548909702,100.02850588635175
99.96818297730475,99.980674259027,94.99950031661852,99.980674259027,105.07549171567,99.980674259027,150.2449655233711,100.03953839556556,145.26180671788657,100.03953839556556,155.18030753766854,100.03953839556556
99.9027211462892,99.98417830159306,94.90816716761572,99.98417830159306,104.90818465129556,99.98417830159306,150.26491832668438,99.90876143915459,145.3123354312998,99.90876143915459,155.32401808269293,99.90876143915459
99.99299815747862,99.84487428728283,94.96345636053012,99.84487428728283,105.05999884038877,99.84487428728283,150.22081281987806,99.81728611264911,145.28388031682346,99.81728611264911,155.25595615182488,99.81728611264911
99.74871387379301,100.01050121842594,94.69518529631937,100.01050121842594,104.78636844307263,100.01050121842594,150.12772439755008,99.92793156031676,145.09786285070456,99.92793156031676,155.1505924747115,99.92793156031676
99.99340045373276,99.64806732390466,94.98492755725347,99.64806732390466,104.9693830882008,99.64806732390466,150.00150850775512,100.10891161013622,145.02033938412956,100.10891161013622,155.04533353656134,100.10891161013622
100.27658630386132,99.92279335936313,95.21976072421204,99.92279335936313,105.28285758533924,99.92279335936313,150.34123882582423,99.91121561205276,145.37764169086475,99.91121561205276,155.32220813286378,99.91121561205276
100.13760868541887,99.90622586688637,95.19472047864132,99.90622586688637,105.12088069106973,99.90622586688637,150.1839009249791,100.00542171786554,145.1940126835871,100.00542171786554,155.19830522390833,100.00542171786554
99.91603552179679,100.03358119685844,94.89252165389355,100.03358119685844,104.91505619652318,100.03358119685844,150.20624020787704,99.88671083910756,145.21122770959428,99.88671083910756,155.29163038802662,99.88671083910756
99.96658290986596,100.05735541205834,94.94559476724027,100.05735541205834,104.9933711374076,100.05735541205834,150.22002162865743,99.95346603571595,145.24791423369453,99.95346603571595,155.34824825620638,99.95346603571595
100.2989709958861,100.11764152124155,95.38925388440023,100.11764152124155,105.28096032607549,100.11764152124155,150.2730755448866,99.88437289741809,145.33688891241886,99.88437289741809,155.30453398985003,99.88437289741809
100.24705142733065,100.01758329631406,95.27809490924318,100.01758329631406,105.1783423960535,100.01758329631406,150.24057626036262,99.96473091341814,145.26026643521803,99.96473091341814,155.2295895637333,99.96473091341814
100.01168292579756,100.04041981022678,95.01982043974644,100.04041981022678,104.89409148992654,100.04041981022678,150.3462924828181,99.98996768693382,145.39526272143584,99.98996768693382,155.32668397401955,99.98996768693382
99.90648755299476,100.00157867038571,94.85436483076778,100.00157867038571,104.90785908927582,100.00157867038571,150.15758658767515,100.06006902032357,145.12015357168045,100.06006902032357,155.10614335556363,100.06006902032357
100.12299589886615,100.06615773558184,95.12691199675372,100.06615773558184,105.11862269706859,100.06615773558184,150.28564238538533,100.08168555035581,145.31094307315257,100.08168555035581,155.26318244497702,100.08168555035581
100.13329493669714,99.969190568508,95.1059118223508,99.969190568508,105.14611539137714,99.969190568508,150.23163729475692,100.02742710719541,145.2334816528548,100.02742710719541,155.17103119597937,100.02742710719541
99.97301162568547,99.95998586996595,94.96721718773387,99.95998586996595,105.04576839191499,99.95998586996595,150.21838309040695,100.01974989096514,145.19203942019686,100.01974989096514,155.23129307985937,100.01974989096514
99.91322016265634,99.87971217077721,94.89892747478844,99.87971217077721,104.83651872422314,99.87971217077721,150.25743424644023,99.99075229353548,145.28329660845944,99.99075229353548,155.30691973857103,99.99075229353548
99.98174288471708,100.05954779029578,95.02323285038689,100.05954779029578,104.88684273604498,100.05954779029578,150.23854182348248,99.7724208222687,145.19090288192402,99.7724208222687,155.2555109719618,99.7724208222687
100.14010907545672,99.86119729270875,95.06274116307851,99.86119729270875,105.14083753206408,99.86119729270875,150.3038100123684,100.12666839707155,145.25452089944596,100.12666839707155,155.32756582386415,100.12666839707155
99.95209305961457,99.88068374076818,94.92247975777038,99.88068374076818,104.90712348952775,99.88068374076818,150.22122273024345,100.1115192140732,145.22680645880484,100.1115192140732,155.22663706802078,100.1115192140732
100.01539704572241,100.18446655929493,95.01817412185203,100.18446655929493,105.06499528679173,100.18446655929493,150.30182755114438,100.11762919853231,145.32047228809074,100.11762919853231,155.23548531716582,100.11762919853231
100.06993457893424,100.06163186181455,95.10420190768684,100.06163186181455,105.10219388881863,100.06163186181455,150.2456640602868,100.05678545210196,145.2442409082172,100.05678545210196,155.193739430634,100.05678545210196
99.85438408056922,100.06763774802644,94.81872708640716,100.06763774802644,104.89032825672514,100.06763774802644,150.25657726000526,99.96148300008558,145.28534231537282,99.96148300008558,155.28317806551357,99.96148300008558
100.0741472710871,100.02128176140252,95.0227225701682,100.02128176140252,105.06193706927871,100.02128176140252,150.2738765469961,99.97081187834709,145.29331164075566,99.97081187834709,155.26605405597715,99.97081187834709
99.82290770036694,99.98835163336969,94.7522731935119,99.98835163336969,104.8376605486148,99.98835163336969,150.21853158617353,100.1116355022566,145.2299100345552,100.1116355022566,155.1650849607405,100.1116355022566
99.64091165969153,100.06673755225852,94.65521677348877,100.06673755225852,104.69211046122592,100.06673755225852,149.98348177355672,99.98683343236641,145.0146159234426,99.98683343236641,154.99318489201477,99.98683343236641
99.96645908671836,99.86660669665244,94.96140248883546,99.86660669665244,104.97302027238902,99.86660669665244,150.3296044175797,100.15018926810285,145.36106394783218,100.15018926810285,155.31851934150578,100.15018926810285
100.07996457637601,99.95402563176096,95.07951765002362,99.95402563176096,105.07923218439663,99.95402563176096,150.40296488803355,100.17788974475968,145.31026479907672,100.17788974475968,155.44745564880216,100.17788974475968
100.08664688661008,99.83376390718851,95.13701605303942,99.83376390718851,105.03360238206974,99.83376390718851,150.39260770787462,99.96448993935508,145.3864932475686,99.96448993935508,155.41260549579877,99.96448993935508
99.94275332293455,99.92929326257882,94.9898580920339,99.92929326257882,104.9057124214752,99.92929326257882,150.1487179786825,99.87480000694993,145.2316855629981,99.87480000694993,155.13483606040162,99.87480000694993
100.1322636920612,99.99620556263054,95.15220243659421,99.99620556263054,105.15686879696445,99.99620556263054,150.43210037591757,100.14264481834284,145.41765343384068,100.14264481834284,155.4367743433889,100.14264481834284
100.2971181302167,99.94048831611045,95.17873795810578,99.94048831611045,105.2151774465496,99.94048831611045,150.50448890799657,100.0511327014292,145.46715864044276,100.0511327014292,155.46602904506804,100.0511327014292
100.00287605939741,99.99055856382027,94.97601404159906,99.99055856382027,105.00563101079628,99.99055856382027,150.3015118504488,100.00561248451577,145.28082789916837,100.00561248451577,155.300113133319,100.00561248451577
100.00289854739272,99.81051505497435,95.01977659273922,99.81051505497435,104.97811730153109,99.81051505497435,150.36601321598692,100.08241388332424,145.3702571408714,100.08241388332424,155.31593648561758,100.08241388332424
100.09250894803634,99.98833908583529,95.0964705489666,99.98833908583529,105.06166896708322,99.98833908583529,150.4284169862396,99.99952255853819,145.46429200969214,99.99952255853819,155.46032020553207,99.99952255853819
100.10056999820843,99.94212065437843,95.08896689082681,99.94212065437843,105.09149324556935,99.94212065437843,150.21976729321798,100.0806743254418,145.27116898456268,100.0806743254418,155.2126723844594,100.0806743254418
100.24124980543453,99.8990959680222,95.30592177343004,99.8990959680222,105.27406907071561,99.8990959680222,150.39113784296714,100.09858368292245,145.43229560231242,100.09858368292245,155.4476972997852,100.09858368292245
100.21191295442699,100.00013813815741,95.142869332522,100.00013813815741,105.2161443661056,100.00013813815741,150.3558775985799,99.88471321492366,145.3582034605753,99.88471321492366,155.4145368676002,99.88471321492366
99.86328074692555,100.001011567284,94.9268200653682,100.001011567284,104.85195710270976,100.001011567284,150.30197255473652,100.01806708111882,145.3435950935681,100.01806708111882,155.32535004069254,100.01806708111882
99.90958605318495,100.18221761775918,94.8505237396481,100.18221761775918,104.96251263778805,100.18221761775918,150.04287001280147,99.90676657993677,145.09391232637034,99.90676657993677,154.93484199038676,99.90676657993677
99.95762237267373,100.01072724611272,94.9862052048133,100.01072724611272,104.92088705928894,100.01072724611272,150.30728318115968,100.12855739766692,145.2828004421853,100.12855739766692,155.33815056629135,100.12855739766692
100.14727308290145,100.11316396649575,95.18031820048755,100.11316396649575,105.11712716295922,100.11316396649575,150.30964458628378,99.92378628330628,145.3051076632464,99.92378628330628,155.30596888120922,99.92378628330628
100.02939597113256,99.90978676206247,95.05131523655365,99.90978676206247,105.09429092789391,99.90978676206247,149.94363814370914,100.02661110064881,145.02220103610676,100.02661110064881,154.90623916268572,100.02661110064881
99.90150541182936,99.97802990440543,94.9830133729085,99.97802990440543,104.93287372017814,99.97802990440543,150.26318445980402,100.10696932046018,145.25595105514486,100.10696932046018,155.25924441746542,100.10696932046018
99.908706811172,100.09327233150508,94.93253096866115,100.09327233150508,104.91902174738112,100.09327233150508,150.11501686866768,99.9643723047883,145.09853547124038,99.9643723047883,155.0547307064422,99.9643723047883
99.82367477277059,100.03229853383498,94.77003553324181,100.03229853383498,104.87040360212752,100.03229853383498,150.15193151959144,99.9525103938815,145.16818473810793,99.9525103938815,155.21314869391352,99.9525103938815
100.10545541721217,99.86913820630106,95.04813484552362,99.86913820630106,105.19652943870953,99.86913820630106,150.21453525119267,100.10332669760668,145.19759319394387,100.10332669760668,155.21244973807677,100.10332669760668
99.95053617976663,100.10569736447415,94.99485904078563,100.10569736447415,104.91770225781835,100.10569736447415,150.05363948810643,99.99051748898441,145.09834661334153,99.99051748898441,154.99312604434462,99.99051748898441
99.7955722865261,99.92719807552895,94.82826142973722,99.92719807552895,104.73092078502518,99.92719807552895,150.36422580416829,100.04073203265807,145.33746706903574,100.04073203265807,155.3206669995326,100.04073203265807
100.12461459346126,99.9744410184505,95.13877984808295,99.9744410184505,105.04609614218661,99.9744410184505,150.33266048026644,99.79021369455744,145.30418285988895,99.79021369455744,155.27480091723726,99.79021369455744
100.11153272268594,99.90463801272304,95.12533560067119,99.90463801272304,105.10790594543175,99.90463801272304,150.270898687574,99.96891698529349,145.25847354630451,99.96891698529349,155.35543244852346,99.96891698529349
99.96281015987218,99.94692525995791,94.94434529822593,99.94692525995791,104.93483167764606,99.94692525995791,150.15535732350725,100.14880815387635,145.2367608054037,100.14880815387635,155.08334080039856,100.14880815387635
99.97051570819929,100.2382002253113,94.95178547910497,100.2382002253113,105.02278230705865,100.2382002253113,150.43345836305986,100.13019941084463,145.52903755903336,100.13019941084463,155.3663221920281,100.13019941084463
100.20462903343366,100.06161975329158,95.1843769000618,100.06161975329158,105.25652073752924,100.06161975329158,150.46103203244937,99.9683960476379,145.5018502406107,99.9683960476379,155.52167890866016,99.9683960476379
99.93669456272397,99.94418713242908,94.9293636067443,99.94418713242908,104.9386310522176,99.94418713242908,150.4224055498233,99.8598009715695,145.45350970437465,99.8598009715695,155.4083259128934,99.8598009715695
100.00516262124377,99.89532544138602,94.98942632724554,99.89532544138602,105.02867340740711,99.89532544138602,150.13628500546355,99.94293108687567,145.0601912274324,99.94293108687567,155.17014396991192,99.94293108687567
100.1840399843912,99.94216892965264,95.1908303580786,99.94216892965264,105.17238432467387,99.94216892965264,150.3299561055733,100.10065708879925,145.3287265900866,100.10065708879925,155.2507606612089,100.10065708879925
99.99988729627343,100.01931311449971,95.072913909713,100.01931311449971,105.0225773128723,100.01931311449971,150.3537580495475,99.82619647925638,145.30493071400358,99.82619647925638,155.31481782203232,99.82619647925638
99.80138267757518,99.98575431537277,94.85337067994425,99.98575431537277,104.91801505453914,99.98575431537277,150.1488069179524,99.86804621266252,145.1735356142219,99.86804621266252,155.06257403096365,99.86804621266252
100.17767945050399,100.05603013642373,95.14754284693714,100.05603013642373,105.2290157067455,100.05603013642373,150.30043771213556,99.97383974614526,145.25974590974567,99.97383974614526,155.36452879031495,99.97383974614526
99.91759022555891,99.92422266536758,94.83405360851219,99.92422266536758,104.99875067535233,99.92422266536758,150.32292824629533,99.86644252959796,145.28795775470388,99.86644252959796,155.30471700966848,99.86644252959796
100.1734475650541,99.94534485716021,95.11973715793147,99.94534485716021,105.22236959496358,99.94534485716021,150.51026777880008,100.10761952277308,145.47432032694869,100.10761952277308,155.43299967989037,100.10761952277308
99.9930126660627,99.90977553702147,94.95294722995492,99.90977553702147,104.9612304531139,99.90977553702147,150.18896749091562,99.88108344620197,145.19487184621607,99.88108344620197,155.24166963698391,99.88108344620197
100.02233662414167,100.11510958919092,95.10926559139202,100.11510958919092,105.15815144730115,100.11510958919092,150.27256870859017,99.78750759120486,145.29559946704978,99.78750759120486,155.25591770429347,99.78750759120486
99.98330882636431,100.2997567816896,95.04575675567331,100.2997567816896,104.95070741835772,100.2997567816896,149.9494872293561,100.02749534574372,144.93385923439797,100.02749534574372,154.97938320345716,100.02749534574372
99.98321703767809,99.8153646302435,94.8886944554157,99.8153646302435,105.02268673161042,99.8153646302435,150.18338935471758,100.22557694081797,145.19370241898352,100.22557694081797,155.15530707745364,100.22557694081797
100.22801602413193,100.09908734111401,95.20421254223957,100.09908734111401,105.27309620684959,100.09908734111401,150.4067756240812,100.08327185598448,145.37148352547976,100.08327185598448,155.38170568855892,100.08327185598448
99.83480311720646,99.90703740405982,94.87931918466826,99.90703740405982,104.85339371465597,99.90703740405982,150.2605944335596,100.17686809676036,145.30448782789682,100.17686809676036,155.29660357337855,100.17686809676036
99.96544969262457,100.17587535346605,94.97265150569265,100.17587535346605,105.05641974566103,100.17587535346605,150.2421852309618,99.93851549477635,145.2192183667001,99.93851549477635,155.29280576522595,99.93851549477635
100.18431330340292,99.90104847416649,95.17733639128029,99.90104847416649,105.10695459531466,99.90104847416649,150.19310748612506,100.03799330279553,145.17392291731744,100.03799330279553,155.18752795357153,100.03799330279553
100.1804047720145,100.00076479028996,95.15713297075023,100.00076479028996,105.1763897446626,100.00076479028996,150.38454314370975,99.93622887893518,145.39043924768302,99.93622887893518,155.4400507989964,99.93622887893518
100.23772636455945,99.88591085145627,95.24711301421317,99.88591085145627,105.25479924924244,99.88591085145627,150.55215870480197,100.22303055000853,145.5528243488963,100.22303055000853,155.60511657032075,100.22303055000853
100.33784225794376,100.18633944124448,95.34770107417403,100.18633944124448,105.36349572995151,100.18633944124448,150.59842973706566,99.88184711993773,145.6030259686947,99.88184711993773,155.6046831691161,99.88184711993773
100.06559306231993,99.96933478839416,95.03889759955572,99.96933478839416,105.05484953048098,99.96933478839416,150.13335253224085,99.88223436541172,145.16847457457362,99.88223436541172,155.19105346641132,99.88223436541172
100.04887792541935,99.8191679950776,95.03574515017239,99.8191679950776,105.08776200999654,99.8191679950776,150.53714351686153,100.00480740502549,145.50845894664215,100.00480740502549,155.57264253793286,100.00480740502549
100.11607110353248,100.22954438863975,95.09810823910837,100.22954438863975,105.11445913662497,100.22954438863975,150.26543613330696,100.05797207373283,145.22908953690094,100.05797207373283,155.32368532325347,100.05797207373283
